driverId,name,ssn,location,certified,wage-plan
10,Randy Hodge,229-01-4305,"76780 Micheal Ridge
Shannonland, AL 54890",N,hours
11,Matthew Thomas,151-42-6810,"Unit 6813 Box 3738
DPO AE 97957",N,miles
12,Kendra Mathis,308-56-2902,"0104 Zimmerman Freeway
Castillomouth, VI 45665",Y,miles
13,Ashley Patel,418-34-8323,"Unit 3190 Box 9528
DPO AP 72276",N,hours
14,Gary Walker,110-29-1246,"40499 Johnson Club Suite 769
Leonmouth, VT 89384",Y,miles
15,Dennis Hall,490-53-5965,"770 Orozco Shores
Karenland, SC 83927",N,miles
16,Jennifer Burns,271-94-4801,"Unit 2244 Box 3315
DPO AP 57996",N,hours
17,Curtis Nguyen,649-81-1089,"PSC 8523, Box 6437
APO AP 94772",N,miles
18,Andrew Benton,150-25-6991,"3826 Elizabeth Way Suite 675
West Lisafurt, CO 50654",N,miles
19,Allen Gordon,135-55-0058,"242 Estes Roads Suite 153
Rossshire, VA 65570",N,miles
20,Jennifer Hogan DVM,576-74-0175,"USNV Lee
FPO AE 57178",N,miles
21,Kevin Harrison,346-23-0039,"177 Jennifer Streets Apt. 855
Brianchester, VA 62128",Y,hours
22,Amanda Palmer,653-35-7285,"29025 Amy Radial Apt. 902
West Dawnshire, GA 33809",N,hours
23,Cynthia Obrien,680-18-8467,"86057 Shawna Villages
Lake Stephanie, MN 51324",Y,hours
24,Jonathon White,221-29-6465,"17593 Jonathon Greens Suite 665
Port Madelineshire, CO 58345",N,miles
25,Katie Dunn,566-13-0385,"2961 James Divide Suite 011
New Kristinhaven, TN 74003",N,miles
26,Paul Guzman PhD,639-15-3699,"63128 Julia Forge Suite 736
Johnsonmouth, FM 10686",Y,hours
27,Joyce Nelson,530-81-7458,"PSC 6403, Box 9829
APO AP 80616",Y,miles
28,Alexandria Giles,227-08-0361,"49223 Smith Hill
West Michael, NV 39954",Y,miles
29,Justin Bates,403-18-4390,"48636 Moore Isle
New Eric, MI 51217",Y,hours
30,Brian Johnson DDS,855-63-6751,"09586 John Creek
Butlershire, OR 89848",Y,miles
31,Christian Schroeder,849-04-2415,"4619 Misty Wall
Barnesside, MA 81911",N,hours
32,Robert Hawkins,621-79-4640,"USNV Ruiz
FPO AP 42099",Y,miles
33,Angela Burton,379-11-4897,"0745 Gay Neck
Melissaport, NE 01668",Y,miles
34,Teresa Sandoval,713-55-3401,"977 Olson Road
Port Ricardoborough, IN 55420",Y,hours
35,Leslie Miller,119-65-5788,"43788 Amanda Drives
Joneshaven, FM 92063",Y,miles
36,David Chang,774-46-2093,"401 Susan Valley
Savannahport, MS 55416",N,miles
37,Elizabeth Turner,719-36-7647,"10411 Joseph Motorway Suite 948
Jonathanland, PW 44124",Y,hours
38,Jimmy Johnson,107-82-2001,"6719 Ramsey Divide
Hernandezview, WY 03440",Y,hours
39,Jacob Powers,427-28-4469,"4071 Rodriguez Ramp
Port Kennethfort, IN 93599",Y,hours
40,Carrie Hull,028-35-4376,"418 Cruz Inlet Apt. 325
New Kenneth, IN 30327",Y,miles
41,Amy Cooper,641-45-5755,"2496 Andrews Haven Suite 297
East Tiffanyport, PR 62029",Y,hours
42,Mr. Jason James,146-98-4853,"98533 Dawn Pine Suite 936
East Shannon, MO 13838",Y,miles
43,Lindsey Hess,449-45-9287,"1852 Brian Roads Apt. 401
North Courtneymouth, NY 40587",Y,miles
44,Christina Sullivan,006-38-1210,"3078 Denise Pass
Serranomouth, TX 72930",Y,hours
45,Matthew Gibbs,154-02-0660,"0907 Houston Meadows Apt. 669
Vasquezstad, NY 79957",Y,hours
46,Annette Andersen,643-42-6972,"14715 Patrick Bypass Suite 348
Samuelmouth, LA 39651",Y,miles
47,Kelsey Sellers,191-57-6637,"73098 Ware Light Suite 916
South Micheleburgh, HI 24666",Y,hours
48,Richard Freeman,712-05-2692,"20788 Coleman Lock
Mccarthyshire, WV 32230",N,miles
49,Sherri Stewart,540-29-4096,"21294 Ferguson Land
New Cindy, KS 65365",Y,hours
50,Russell Jones,854-90-2943,"329 Hart Turnpike
Port Shellyview, SD 60231",N,hours
51,Jesse Miller MD,730-19-6192,"7975 Munoz Fork Apt. 645
Alexisshire, KS 38401",N,miles
52,Kathryn Lyons,653-72-2149,"69232 Berg Village
North Timothy, MT 43918",Y,miles
53,Adam Norris,881-55-3999,"93701 Michelle Bridge
West Marissastad, IL 71103",Y,miles
54,Brian Lynch,090-53-7497,"2390 Crystal Divide Apt. 444
Helenchester, MT 17226",Y,hours
55,Dr. Amy Carroll,503-63-6299,"402 Erika Trace Apt. 383
Lake Heidi, DC 68106",Y,hours
56,Kenneth Preston,201-94-9411,"939 Tricia Villages
Port Kelly, RI 95719",Y,hours
57,Brett Fox,119-15-5420,"4540 Margaret Stream Suite 863
New Tonya, WA 40142",Y,hours
58,Carly Gonzalez,523-27-5970,"674 Robert Drive
East Amanda, CT 83525",Y,hours
59,Joseph Cooper,033-76-9297,"2468 Ellis Canyon
Lopezfurt, AS 32479",Y,miles
60,John Conley,445-27-5668,"09191 Danielle Club
South Sheri, DC 15874",N,hours
61,Natalie Ingram,807-18-1838,"37670 Reginald Mountains
Lake Davidberg, DC 25109",Y,miles
62,Christian Owens,247-88-2214,"988 Hannah Highway Apt. 573
East Vincent, ND 95253",N,hours
63,Megan Luna,300-09-6580,"675 Andrea Cliffs Apt. 047
New Lindaburgh, VA 32992",N,hours
64,Holly Pennington,707-53-3585,"4102 Tiffany Burgs
Brendamouth, NC 62669",Y,miles
65,Steven Hanna,568-32-5766,"3655 Rogers Spurs Suite 333
New Suzannehaven, KY 77500",N,miles
66,Scott Wolfe,271-89-2713,"5284 Johns Forks Apt. 358
Trevormouth, MN 61663",Y,miles
67,Michael Smith,684-25-6482,"9545 Matthew Turnpike Suite 325
Spencerside, NE 03017",N,miles
68,Stephanie Lynn,541-73-2223,"428 Desiree Overpass Suite 813
South Kristopherhaven, NY 12888",N,hours
69,Bruce Blake,833-19-7702,"7563 Webb River Apt. 479
Austinfort, MI 63743",Y,hours
70,William Knox,066-03-2154,"97980 Brett Garden Suite 796
South Benjaminport, HI 00504",Y,hours
71,Shawn Hernandez,755-79-4000,"1646 Aaron Land Suite 492
Edwardmouth, OH 41197",N,miles
72,Dylan Liu,750-91-3638,"0462 Erika Shores
Cortezville, DC 41399",Y,hours
73,Robin Smith,447-22-7640,"64832 Ross Coves Suite 914
New William, TX 01098",Y,miles
74,Derrick Bridges,727-96-3646,"5751 Rush Ports
Lake Kellystad, FL 91198",Y,miles
75,Shannon Hughes,886-39-7648,"9037 Ross Coves
Theresachester, OH 65442",N,hours
76,Jacob Moran,750-46-6778,"PSC 9659, Box 3864
APO AP 42433",N,miles
77,Lisa Lee,309-77-9337,"6816 Watson Crossroad
Tonifurt, IA 56369",N,hours
78,Tracey Serrano,236-84-2974,"678 Cathy Passage Suite 938
Collierport, IN 91891",N,hours
79,Nicholas Crawford,477-31-7364,"383 Gaines Prairie
Aprilfurt, KS 92181",N,miles
80,Casey Rice,093-54-1723,"USS Nelson
FPO AE 16345",Y,miles
81,Kayla Lee,034-25-7386,"23822 Sarah Corners Apt. 986
Carloshaven, PW 74647",Y,miles
82,Joseph Evans,276-79-4592,"194 Wolf Landing
Romanberg, OK 36767",Y,miles
83,Brendan Morales,397-73-8287,"904 Nicholas Club
Leeburgh, CA 08721",Y,miles
84,David Mccoy,112-36-3223,"3197 Kimberly Squares Suite 942
Maryside, IN 85213",Y,hours
85,Paul Tucker,877-42-0500,"12097 Adam Cape
Garzaton, VT 80617",Y,hours
86,Richard Vasquez,669-91-1151,"18103 Richardson Key
Wheelerside, WY 29755",N,miles
87,Michael Floyd,227-66-9982,"6924 Allen Garden Apt. 110
Morrisonside, AK 16409",Y,miles
88,Amy Jordan,734-55-9738,"4490 Johnson Circle Apt. 261
North Felicia, MT 08093",Y,hours
89,Christine King,750-43-6379,"17285 Mackenzie Roads Suite 422
Lake Natalie, NJ 15304",Y,miles
90,Nicholas Smith DVM,600-91-8134,"246 Michelle Bypass Suite 358
Chavezstad, NJ 36672",Y,miles
91,Joseph Webb,174-88-2355,"4507 Michael Drive
Audreyside, ME 80553",Y,hours
92,Anna Edwards,490-83-9940,"39319 Lyons Brook
Christianshire, OH 18356",N,miles
93,Jackie Vasquez,598-03-6409,"0780 Shelton Village Apt. 294
South Patrick, NC 80940",Y,hours
94,Kimberly Carter,695-13-4449,"11491 Brown Motorway Apt. 199
Johnborough, UT 62821",Y,miles
95,Philip Edwards,757-99-1427,"26261 Brown Cliff Suite 864
North Dylan, KY 51973",N,miles
96,Mr. David Chandler,409-63-6057,"00529 Tammy Green
Martinhaven, GA 77786",Y,miles
97,Laura Ryan,749-21-1944,"76550 Stephens Club Suite 823
Perkinsmouth, MO 98150",N,hours
98,Daniel Crawford,738-47-9951,"Unit 0548 Box 8670
DPO AA 20622",Y,hours
99,Michael Watson,508-60-7773,"4218 Daniel Underpass Suite 733
South Thomas, MS 50483",Y,hours
100,Jerry Tyler,514-38-8215,"597 Chen Key Apt. 411
Deckerburgh, KY 87618",N,hours
101,David Ross,843-78-6476,"Unit 5996 Box 9134
DPO AP 52044",N,miles
102,Lindsay Brennan,041-62-7977,"3031 Michelle Fork Suite 415
East Justinmouth, CA 02050",Y,hours
103,Allison Baker,772-29-7995,"443 Michelle Station
North Amanda, OH 99312",N,hours
104,Brent Lopez,608-77-6782,"PSC 1484, Box 1902
APO AE 75618",N,miles
105,Brandy Mora,356-56-5187,"9338 Jennifer Fields
South Carlos, MH 59406",Y,miles
106,Kimberly Reyes,279-06-8976,"208 Pruitt Path Apt. 775
Brownborough, AL 83389",Y,hours
107,Amy Cohen,872-17-5144,"390 Heather Ville Apt. 955
South Kathleen, GA 25402",N,miles
108,Jessica Stevens,354-50-6118,"91666 Romero Drive
Port Anthony, FM 16303",Y,miles
109,Samantha Ramsey,660-09-1181,"62409 Lori Land
North Brendanfurt, LA 66876",N,hours
